{"cameraMode":{"drawMode":0,"name":"Shaded","section":"Shading Mode"},"sceneLighting":false,"audioPlay":false,"sceneViewState":{"showFog":true,"showMaterialUpdate":false,"showSkybox":true,"showFlares":true,"showImageEffects":true,"showParticleSystems":true},"in2DMode":false,"pivot":{"x":-0.4982185959815979,"y":0.28153592348098757,"z":-5.960464477539063e-8},"rotation":{"x":0.03648734465241432,"y":0.7425333857536316,"z":-0.04058447480201721,"w":0.6675831079483032},"size":2.272364377975464,"orthographic":false}